{
	"IcoMoonType": "selection",
	"icons": [
		{
			"icon": {
				"paths": [
					"M1024 590.444l-512-397.426-512 397.428v-162.038l512-397.426 512 397.428zM896 576v384h-256v-256h-256v256h-256v-384l384-288z"
				],
				"attrs": [],
				"isMulticolor": false,
				"tags": [
					"home",
					"house"
				],
				"grid": 16
			},
			"attrs": [],
			"properties": {
				"id": 51,
				"order": 11,
				"prevSize": 32,
				"ligatures": "home, house",
				"name": "home",
				"code": 59648
			},
			"setIdx": 0,
			"setId": 5,
			"iconIdx": 0
		},
		{
			"icon": {
				"paths": [
					"M0 1024h512v-1024h-512v1024zM320 128h128v128h-128v-128zM320 384h128v128h-128v-128zM320 640h128v128h-128v-128zM64 128h128v128h-128v-128zM64 384h128v128h-128v-128zM64 640h128v128h-128v-128zM576 320h448v64h-448zM576 1024h128v-256h192v256h128v-576h-448z"
				],
				"attrs": [],
				"isMulticolor": false,
				"tags": [
					"office",
					"buildings",
					"work"
				],
				"grid": 16
			},
			"attrs": [],
			"properties": {
				"order": 12,
				"id": 1739,
				"prevSize": 32,
				"ligatures": "office, buildings",
				"name": "office",
				"code": 59649
			},
			"setIdx": 0,
			"setId": 5,
			"iconIdx": 3
		},
		{
			"icon": {
				"paths": [
					"M384 640l128-64 448-448-64-64-448 448-64 128zM289.3 867.098c-31.632-66.728-65.666-100.762-132.396-132.394l99.096-272.792 128-77.912 384-384h-192l-384 384-192 640 640-192 384-384v-192l-384 384-77.912 128z"
				],
				"attrs": [],
				"isMulticolor": false,
				"tags": [
					"pencil",
					"write",
					"edit"
				],
				"grid": 16
			},
			"attrs": [],
			"properties": {
				"id": 67,
				"order": 13,
				"prevSize": 32,
				"ligatures": "pencil2, write2",
				"name": "pencil2",
				"code": 59650
			},
			"setIdx": 0,
			"setId": 5,
			"iconIdx": 6
		},
		{
			"icon": {
				"paths": [
					"M512 0c-176.732 0-320 143.268-320 320 0 320 320 704 320 704s320-384 320-704c0-176.732-143.27-320-320-320zM512 516c-108.248 0-196-87.752-196-196s87.752-196 196-196 196 87.752 196 196-87.752 196-196 196zM388 320c0-68.483 55.517-124 124-124s124 55.517 124 124c0 68.483-55.517 124-124 124s-124-55.517-124-124z"
				],
				"attrs": [],
				"isMulticolor": false,
				"tags": [
					"location",
					"map-marker",
					"pin"
				],
				"grid": 16
			},
			"attrs": [],
			"properties": {
				"id": 310,
				"order": 14,
				"prevSize": 32,
				"ligatures": "location2, map-marker2",
				"name": "location2",
				"code": 59651
			},
			"setIdx": 0,
			"setId": 5,
			"iconIdx": 72
		},
		{
			"icon": {
				"paths": [
					"M416 96c0-53.018 42.98-96 96-96s96 42.982 96 96c0 53.020-42.98 96-96 96s-96-42.98-96-96z",
					"M640 320l329.596-142.172-23.77-59.424-401.826 137.596h-64l-401.826-137.596-23.77 59.424 329.596 142.172v256l-131.27 424.57 59.84 22.7 185.716-415.27h27.428l185.716 415.27 59.84-22.7-131.27-424.57z"
				],
				"attrs": [],
				"isMulticolor": false,
				"tags": [
					"accessibility"
				],
				"grid": 16
			},
			"attrs": [],
			"properties": {
				"id": 720,
				"order": 15,
				"prevSize": 32,
				"ligatures": "accessibility",
				"name": "accessibility",
				"code": 59652
			},
			"setIdx": 0,
			"setId": 5,
			"iconIdx": 178
		},
		{
			"icon": {
				"paths": [
					"M384 64h640v128h-640v-128zM384 448h640v128h-640v-128zM384 832h640v128h-640v-128zM0 128c0-70.692 57.308-128 128-128s128 57.308 128 128c0 70.692-57.308 128-128 128s-128-57.308-128-128zM0 512c0-70.692 57.308-128 128-128s128 57.308 128 128c0 70.692-57.308 128-128 128s-128-57.308-128-128zM0 896c0-70.692 57.308-128 128-128s128 57.308 128 128c0 70.692-57.308 128-128 128s-128-57.308-128-128z"
				],
				"attrs": [],
				"isMulticolor": false,
				"tags": [
					"list",
					"todo",
					"bullet",
					"menu",
					"options"
				],
				"grid": 16
			},
			"attrs": [],
			"properties": {
				"id": 756,
				"order": 16,
				"prevSize": 32,
				"ligatures": "list2, todo2",
				"name": "list2",
				"code": 59653
			},
			"setIdx": 0,
			"setId": 5,
			"iconIdx": 187
		},
		{
			"icon": {
				"paths": [
					"M992 384h-352v-352c0-17.672-14.328-32-32-32h-192c-17.672 0-32 14.328-32 32v352h-352c-17.672 0-32 14.328-32 32v192c0 17.672 14.328 32 32 32h352v352c0 17.672 14.328 32 32 32h192c17.672 0 32-14.328 32-32v-352h352c17.672 0 32-14.328 32-32v-192c0-17.672-14.328-32-32-32z"
				],
				"attrs": [],
				"isMulticolor": false,
				"tags": [
					"plus",
					"add",
					"sum"
				],
				"grid": 16
			},
			"attrs": [],
			"properties": {
				"id": 986,
				"order": 18,
				"prevSize": 32,
				"ligatures": "plus, add",
				"name": "plus",
				"code": 59654
			},
			"setIdx": 0,
			"setId": 5,
			"iconIdx": 266
		},
		{
			"icon": {
				"paths": [
					"M813.667 253q59 59 91.333 135.667 33.667 79.333 33.667 166t-33.667 166q-32.333 76.667-91.333 135.667t-135.667 91.333q-79.333 33.667-166 33.667t-166-33.667q-76.667-32.333-135.667-91.333t-91.333-135.667q-33.667-79.333-33.667-166t33.667-166q32.333-76.667 91.333-135.667 12.333-12.333 30-12.333t30.333 12.333 12.667 30-12.667 30.333q-47 47-73.333 108.333-26.667 64-26.667 133t26.667 133q26.333 61.333 73.333 108.333t108.333 73.333q64 26.667 133 26.667t133-26.667q61.333-26.333 108.333-73.333t73.333-108.333q26.667-64 26.667-133t-26.667-133q-26.333-61.333-73.333-108.333-12.667-12.667-12.667-30.333t12.667-30 30.333-12.333 30 12.333zM512 42.667q17.667 0 30.167 12.5t12.5 30.167v426.667q0 17.667-12.5 30.167t-30.167 12.5-30.167-12.5-12.5-30.167v-426.667q0-17.667 12.5-30.167t30.167-12.5z"
				],
				"attrs": [],
				"isMulticolor": false,
				"tags": [
					"power"
				],
				"defaultCode": 57478,
				"grid": 24
			},
			"attrs": [],
			"properties": {
				"id": 86,
				"order": 17,
				"prevSize": 24,
				"code": 57478,
				"name": "power"
			},
			"setIdx": 1,
			"setId": 4,
			"iconIdx": 86
		}
	],
	"height": 1024,
	"metadata": {
		"name": "icomoon"
	},
	"preferences": {
		"showGlyphs": true,
		"showQuickUse": true,
		"showQuickUse2": true,
		"showSVGs": true,
		"fontPref": {
			"prefix": "icon-",
			"metadata": {
				"fontFamily": "icomoon"
			},
			"metrics": {
				"emSize": 1024,
				"baseline": 6.25,
				"whitespace": 50
			},
			"embed": false
		},
		"imagePref": {
			"prefix": "icon-",
			"png": true,
			"useClassSelector": true,
			"color": 4473924,
			"bgColor": 16777215,
			"classSelector": ".icon"
		},
		"historySize": 100,
		"showCodes": false,
		"gridSize": 16
	}
}